{
  "config": {
    "camera": "e3v83eb",
    "start_frame": 3300,
    "end_frame": 4500,
    "n_frames": 1200,
    "n_animals": 9,
    "max_age": 15,
    "det_thresh": 0.1,
    "n_init": 1
  },
  "ocsort": {
    "tracking": {
      "track_count": 30,
      "length_median": 108.5,
      "length_mean": 358.46666666666664,
      "length_min": 1,
      "length_max": 1200,
      "coast_frequency": 0.04519248651664497,
      "detection_coverage": 0.954807513483355
    },
    "fragmentation": {
      "total_gaps": 0,
      "mean_gap_duration": 0.0,
      "max_gap_duration": 0,
      "mean_continuity_ratio": 1.0,
      "per_fish_continuity": {
        "0": 1.0,
        "1": 1.0,
        "2": 1.0,
        "3": 1.0,
        "4": 1.0,
        "5": 1.0,
        "6": 1.0,
        "7": 1.0,
        "8": 1.0,
        "9": 1.0,
        "10": 1.0,
        "11": 1.0,
        "12": 1.0,
        "13": 1.0,
        "14": 1.0,
        "15": 1.0,
        "16": 1.0,
        "17": 1.0,
        "18": 1.0,
        "19": 1.0,
        "20": 1.0,
        "21": 1.0,
        "22": 1.0,
        "23": 1.0,
        "24": 1.0,
        "25": 1.0,
        "26": 1.0,
        "27": 1.0,
        "28": 1.0,
        "29": 1.0
      },
      "unique_fish_ids": 30,
      "expected_fish": 9,
      "track_births": 21,
      "track_deaths": 21,
      "mean_track_lifespan": 358.46666666666664,
      "median_track_lifespan": 108.5
    }
  },
  "keypoint_bidi": {
    "tracking": {
      "track_count": 44,
      "length_median": 72.5,
      "length_mean": 275.02272727272725,
      "length_min": 17,
      "length_max": 1200,
      "coast_frequency": 0.10222295678043138,
      "detection_coverage": 0.8977770432195686
    },
    "fragmentation": {
      "total_gaps": 0,
      "mean_gap_duration": 0.0,
      "max_gap_duration": 0,
      "mean_continuity_ratio": 1.0,
      "per_fish_continuity": {
        "0": 1.0,
        "1": 1.0,
        "2": 1.0,
        "3": 1.0,
        "4": 1.0,
        "5": 1.0,
        "6": 1.0,
        "7": 1.0,
        "8": 1.0,
        "9": 1.0,
        "10": 1.0,
        "11": 1.0,
        "12": 1.0,
        "13": 1.0,
        "14": 1.0,
        "15": 1.0,
        "16": 1.0,
        "17": 1.0,
        "18": 1.0,
        "19": 1.0,
        "20": 1.0,
        "21": 1.0,
        "22": 1.0,
        "23": 1.0,
        "24": 1.0,
        "25": 1.0,
        "26": 1.0,
        "27": 1.0,
        "28": 1.0,
        "29": 1.0,
        "30": 1.0,
        "31": 1.0,
        "32": 1.0,
        "33": 1.0,
        "34": 1.0,
        "35": 1.0,
        "36": 1.0,
        "37": 1.0,
        "38": 1.0,
        "39": 1.0,
        "40": 1.0,
        "41": 1.0,
        "42": 1.0,
        "43": 1.0
      },
      "unique_fish_ids": 44,
      "expected_fish": 9,
      "track_births": 33,
      "track_deaths": 35,
      "mean_track_lifespan": 275.02272727272725,
      "median_track_lifespan": 72.5
    }
  },
  "byte_trigger": true
}
