{
  "config": {
    "camera": "e3v83eb",
    "start_frame": 3300,
    "end_frame": 4500,
    "n_frames": 1200,
    "n_animals": 9,
    "min_hits": 1,
    "det_thresh": 0.1,
    "conf_threshold": 0.1,
    "nms_threshold": 0.45
  },
  "tracking": {
    "track_count": 27,
    "length_median": 144.0,
    "length_mean": 408.81481481481484,
    "length_min": 1,
    "length_max": 1200,
    "coast_frequency": 0.06939662982424352,
    "detection_coverage": 0.9306033701757565
  },
  "fragmentation": {
    "total_gaps": 0,
    "mean_gap_duration": 0.0,
    "max_gap_duration": 0,
    "mean_continuity_ratio": 1.0,
    "per_fish_continuity": {
      "0": 1.0,
      "1": 1.0,
      "2": 1.0,
      "3": 1.0,
      "4": 1.0,
      "5": 1.0,
      "6": 1.0,
      "7": 1.0,
      "8": 1.0,
      "9": 1.0,
      "10": 1.0,
      "11": 1.0,
      "12": 1.0,
      "13": 1.0,
      "14": 1.0,
      "15": 1.0,
      "16": 1.0,
      "17": 1.0,
      "18": 1.0,
      "19": 1.0,
      "20": 1.0,
      "21": 1.0,
      "22": 1.0,
      "23": 1.0,
      "24": 1.0,
      "25": 1.0,
      "26": 1.0
    },
    "unique_fish_ids": 27,
    "expected_fish": 9,
    "track_births": 18,
    "track_deaths": 17,
    "mean_track_lifespan": 408.81481481481484,
    "median_track_lifespan": 144.0
  }
}
